id,desc,sn,image,shape,font.size,title,font.color,value,label,group
2993665802,"üìç|#MobileMarketing #MobileApps #FinTech & more
üì°|Frontline content and community events for mobile marketers 
‚õì|Join the LARGEST community of mobile experts",MobileGrowthMGA,https://pbs.twimg.com/profile_images/961326715212587008/3_TqK82J_normal.jpg,circularImage,30,"<p><l>Name: <a href=https://twitter.com/MobileGrowthMGA>MobileGrowthMGA</a><br> Account Description: üìç|#MobileMarketing #MobileApps #FinTech & more
üì°|Frontline content and community events for mobile marketers 
‚õì|Join the LARGEST community of mobile experts</p>",blue,1.0,MobileGrowthMGA,
1125237938768437249,"Dendrophile, mountain, snow & dog lover, wilderness advocator, pedestrian, wayfarer #EnvironmentalHumanities @UUtah #BeatBYU #‰∏âÁ∑ö",moriono51,https://pbs.twimg.com/profile_images/1305692405983670273/DDV_34am_normal.jpg,circularImage,30,"<p><l>Name: <a href=https://twitter.com/moriono51>moriono51</a><br> Account Description: Dendrophile, mountain, snow & dog lover, wilderness advocator, pedestrian, wayfarer #EnvironmentalHumanities @UUtah #BeatBYU #‰∏âÁ∑ö</p>",red,1.0,moriono51,
534255106,"Make data work for everyone.

We do research, strategy development, policy, events and courses. We also offer free tools to help you work better with data.",ODIHQ,https://pbs.twimg.com/profile_images/981448597085540352/6B7vX_u1_normal.jpg,circularImage,30,"<p><l>Name: <a href=https://twitter.com/ODIHQ>ODIHQ</a><br> Account Description: Make data work for everyone.

We do research, strategy development, policy, events and courses. We also offer free tools to help you work better with data.</p>",blue,1.0,ODIHQ,Environment
3353197114,Where the biggest players in UK connectivity meet. #ConnectedBritain is organised by @totaltelecom. #Broadband #5G #IoT #AltNets #society,ConnBritain,https://pbs.twimg.com/profile_images/824297111281954816/C4JUBzUz_normal.jpg,circularImage,30,<p><l>Name: <a href=https://twitter.com/ConnBritain>ConnBritain</a><br> Account Description: Where the biggest players in UK connectivity meet. #ConnectedBritain is organised by @totaltelecom. #Broadband #5G #IoT #AltNets #society</p>,blue,1.0,ConnBritain,
151106990,Independent research and analysis on the most important policy issues in the world. Sign up for the daily Brookings Brief: https://t.co/yFGhndNQdR,BrookingsInst,https://pbs.twimg.com/profile_images/1300779436187541504/hfNPFfhx_normal.png,circularImage,30,<p><l>Name: <a href=https://twitter.com/BrookingsInst>BrookingsInst</a><br> Account Description: Independent research and analysis on the most important policy issues in the world. Sign up for the daily Brookings Brief: https://t.co/yFGhndNQdR</p>,blue,1.0,BrookingsInst,
5988062,News and analysis with a global perspective. Subscribe here: https://t.co/2yqda1bvlt,TheEconomist,https://pbs.twimg.com/profile_images/879361767914262528/HdRauDM-_normal.jpg,circularImage,30,<p><l>Name: <a href=https://twitter.com/TheEconomist>TheEconomist</a><br> Account Description: News and analysis with a global perspective. Subscribe here: https://t.co/2yqda1bvlt</p>,blue,1.0,TheEconomist,
18949452,"Big stories and breaking news headlines as they are published on https://t.co/5BsmLs9y1Z. For a curated feed of our journalism, follow @financialtimes",FT,https://pbs.twimg.com/profile_images/931156393108885504/EqEMtLhM_normal.jpg,circularImage,30,"<p><l>Name: <a href=https://twitter.com/FT>FT</a><br> Account Description: Big stories and breaking news headlines as they are published on https://t.co/5BsmLs9y1Z. For a curated feed of our journalism, follow @financialtimes</p>",blue,1.0,FT,
705539763349164032,"Digital Transformation Consulting 
#AI #MachineLearning #DeepLearning 
#5G #DataScience #AIEthics
#CloudComputing #Fintech
#DigitalMarketing",ipfconline1,https://pbs.twimg.com/profile_images/729065804004769793/St2_Pum9_normal.jpg,circularImage,30,"<p><l>Name: <a href=https://twitter.com/ipfconline1>ipfconline1</a><br> Account Description: Digital Transformation Consulting 
#AI #MachineLearning #DeepLearning 
#5G #DataScience #AIEthics
#CloudComputing #Fintech
#DigitalMarketing</p>",blue,19.359880410171694,ipfconline1,
7389732,"Taiwanese-American writer for @TechCrunch. Monitors new tech developments, loves old tech like spinning wheels and handlooms. she/her shu@techcrunch.com",CatherineShu,https://pbs.twimg.com/profile_images/1183775889454059520/3bn9oz2v_normal.jpg,circularImage,30,"<p><l>Name: <a href=https://twitter.com/CatherineShu>CatherineShu</a><br> Account Description: Taiwanese-American writer for @TechCrunch. Monitors new tech developments, loves old tech like spinning wheels and handlooms. she/her shu@techcrunch.com</p>",red,1.0,CatherineShu,0
255166755,#Data Leader #Mum of #Type1 Work @ODIHQ & @DAMAUK committee member Ex @OrdanceSurvey Ex @DefraGovUK & Ex @EnvAgency Private account views are mine only,I_am_LisaAllen,https://pbs.twimg.com/profile_images/842975118787796992/x3r_Lh5T_normal.jpg,circularImage,30,<p><l>Name: <a href=https://twitter.com/I_am_LisaAllen>I_am_LisaAllen</a><br> Account Description: #Data Leader #Mum of #Type1 Work @ODIHQ & @DAMAUK committee member Ex @OrdanceSurvey Ex @DefraGovUK & Ex @EnvAgency Private account views are mine only</p>,blue,1.0,I_am_LisaAllen,Environment
249115261,"Founder of @datareadyorg, humanitarian at heart. ‚ÄúA good decision is based on knowledge and not on numbers."" - Plato üá™üá∫üá¨üá∑üáµüá∏üá¨üáßüè¥‚Äç‚ò†Ô∏è",TomOrrell86,https://pbs.twimg.com/profile_images/1291627074093043712/Q3xMQxvs_normal.jpg,circularImage,30,"<p><l>Name: <a href=https://twitter.com/TomOrrell86>TomOrrell86</a><br> Account Description: Founder of @datareadyorg, humanitarian at heart. ‚ÄúA good decision is based on knowledge and not on numbers."" - Plato üá™üá∫üá¨üá∑üáµüá∏üá¨üáßüè¥‚Äç‚ò†Ô∏è</p>",blue,1.0,TomOrrell86,Aid Transparency
34713362,The first word in business news.,business,https://pbs.twimg.com/profile_images/991818020233404416/alrBF_dr_normal.jpg,circularImage,30,<p><l>Name: <a href=https://twitter.com/business>business</a><br> Account Description: The first word in business news.</p>,blue,1.0,business,
27286910,"Digital, Ethics & Tech. Oh My...

Daring Greatly or trying to.",Tzardan,https://pbs.twimg.com/profile_images/1374745623178702853/tA4FQ2Os_normal.jpg,circularImage,30,"<p><l>Name: <a href=https://twitter.com/Tzardan>Tzardan</a><br> Account Description: Digital, Ethics & Tech. Oh My...

Daring Greatly or trying to.</p>",blue,1.0,Tzardan,
41330603,"The latest from Deutsche Bank and the world of finance.
Customer service enquiries daily 08:00-20:00 CET
https://t.co/pJEHxxgCDP",DeutscheBank,https://pbs.twimg.com/profile_images/1280440894869712896/hrmJoVpG_normal.jpg,circularImage,30,"<p><l>Name: <a href=https://twitter.com/DeutscheBank>DeutscheBank</a><br> Account Description: The latest from Deutsche Bank and the world of finance.
Customer service enquiries daily 08:00-20:00 CET
https://t.co/pJEHxxgCDP</p>",blue,1.0,DeutscheBank,
104237736,"Connecting decision makers to a dynamic network of information, people, and ideas.",Bloomberg,https://pbs.twimg.com/profile_images/1016326195221352450/KCcdUN0v_normal.jpg,circularImage,30,"<p><l>Name: <a href=https://twitter.com/Bloomberg>Bloomberg</a><br> Account Description: Connecting decision makers to a dynamic network of information, people, and ideas.</p>",blue,1.0,Bloomberg,
3429955204,Proud Dad ¬∞ CEO Spearhead Management @Spearheadman ¬∞ @JD_Publishing ¬∞ Prints üëâ https://t.co/JG9XqFfDU3 ¬∞ #CyberSecurity üëâ @ISafety4Kids #Agile #SDGs üá≥üá±üá™üá∫üåçüå∑,DrJDrooghaag,https://pbs.twimg.com/profile_images/1381516661317062662/aV5O9USh_normal.jpg,circularImage,30,<p><l>Name: <a href=https://twitter.com/DrJDrooghaag>DrJDrooghaag</a><br> Account Description: Proud Dad ¬∞ CEO Spearhead Management @Spearheadman ¬∞ @JD_Publishing ¬∞ Prints üëâ https://t.co/JG9XqFfDU3 ¬∞ #CyberSecurity üëâ @ISafety4Kids #Agile #SDGs üá≥üá±üá™üá∫üåçüå∑</p>,blue,2.006945901561312,DrJDrooghaag,
14290699,,MingTang,https://pbs.twimg.com/profile_images/52386020/IMGP6148-1_normal.JPG,circularImage,30,<p><l>Name: <a href=https://twitter.com/MingTang>MingTang</a><br> Account Description: </p>,red,1.0,MingTang,
612254136,nobody @g0v @TaiwanPDIS.,shuyanglin,https://pbs.twimg.com/profile_images/1192359025511485440/qvtQxMKL_normal.jpg,circularImage,30,<p><l>Name: <a href=https://twitter.com/shuyanglin>shuyanglin</a><br> Account Description: nobody @g0v @TaiwanPDIS.</p>,red,1.0,shuyanglin,0
19186720,"WPP is a creative transformation company. We use the power of creativity to build better futures for our people, planet, clients and communities.",WPP,https://pbs.twimg.com/profile_images/1269999975095767041/WKFlur3K_normal.jpg,circularImage,30,"<p><l>Name: <a href=https://twitter.com/WPP>WPP</a><br> Account Description: WPP is a creative transformation company. We use the power of creativity to build better futures for our people, planet, clients and communities.</p>",blue,1.0,WPP,
227239785,"Windows Phone Developer, Zuvio Cofounder, Mozillian, Ëâ¶„Åì„Çå, Word of Tanks, „Éù„Ç±„É¢„É≥, „Ç¢„Éã„É°, Êº´Áîª, È∫ªÈõÄ",ly2314,https://pbs.twimg.com/profile_images/425266240131579904/27_zqt4j_normal.jpeg,circularImage,30,"<p><l>Name: <a href=https://twitter.com/ly2314>ly2314</a><br> Account Description: Windows Phone Developer, Zuvio Cofounder, Mozillian, Ëâ¶„Åì„Çå, Word of Tanks, „Éù„Ç±„É¢„É≥, „Ç¢„Éã„É°, Êº´Áîª, È∫ªÈõÄ</p>",red,1.0,ly2314,
872260459,"COO, Dsposal; Director, Your Dsposal; Project Mngr, ODM; Trustee, VST; Volunteer @techforgoodlive‚ù§Ô∏ènature, open data, fungi, #DetourToMooseJaw & @Eldo36 she/her",Sophie_COO,https://pbs.twimg.com/profile_images/1327754566960615424/4LfovRiN_normal.jpg,circularImage,30,"<p><l>Name: <a href=https://twitter.com/Sophie_COO>Sophie_COO</a><br> Account Description: COO, Dsposal; Director, Your Dsposal; Project Mngr, ODM; Trustee, VST; Volunteer @techforgoodlive‚ù§Ô∏ènature, open data, fungi, #DetourToMooseJaw & @Eldo36 she/her</p>",blue,1.0,Sophie_COO,
1170933409,#Taiwanese scientist living in Melbourne.,HsinHaoYu,https://pbs.twimg.com/profile_images/1166241435626008577/RCfT4p5z_normal.png,circularImage,30,<p><l>Name: <a href=https://twitter.com/HsinHaoYu>HsinHaoYu</a><br> Account Description: #Taiwanese scientist living in Melbourne.</p>,red,1.0,HsinHaoYu,
257600962,"OpenUK - leading the business of Open Technologyin the UK  - software, hardware & data. Collaborating globally. Join Supporters https://t.co/apnJb6dDtW",openuk_uk,https://pbs.twimg.com/profile_images/1389989738178883585/OdJb1uOq_normal.jpg,circularImage,30,"<p><l>Name: <a href=https://twitter.com/openuk_uk>openuk_uk</a><br> Account Description: OpenUK - leading the business of Open Technologyin the UK  - software, hardware & data. Collaborating globally. Join Supporters https://t.co/apnJb6dDtW</p>",blue,1.0,openuk_uk,
513498057,CEO @FutureDotNowUK | Chair @GoodThingsFdn I Social Mobility Commissioner @UKGOV I Trustee @LTmuseum I Top 30 most influential women UK tech 2020 | Views own.,L12_W,https://pbs.twimg.com/profile_images/1137319445108613120/JU6dGWg9_normal.jpg,circularImage,30,<p><l>Name: <a href=https://twitter.com/L12_W>L12_W</a><br> Account Description: CEO @FutureDotNowUK | Chair @GoodThingsFdn I Social Mobility Commissioner @UKGOV I Trustee @LTmuseum I Top 30 most influential women UK tech 2020 | Views own.</p>,blue,1.0,L12_W,Data Ethics
24224194,"President @PJMFnd, AI and Data philanthropist, tech for a prosperous and just world, unexpected beauty, spicy food",vilasdhar,https://pbs.twimg.com/profile_images/1308168551686078464/wtywXER0_normal.jpg,circularImage,30,"<p><l>Name: <a href=https://twitter.com/vilasdhar>vilasdhar</a><br> Account Description: President @PJMFnd, AI and Data philanthropist, tech for a prosperous and just world, unexpected beauty, spicy food</p>",blue,1.0,vilasdhar,
46584568,imToken Labs,changwu_tw,https://pbs.twimg.com/profile_images/708726246327324672/hn1xZip2_normal.jpg,circularImage,30,<p><l>Name: <a href=https://twitter.com/changwu_tw>changwu_tw</a><br> Account Description: imToken Labs</p>,red,1.0,changwu_tw,
2207344274,An innovation centre focused on generating value from data by enabling collaborative innovation; delivering skills; and strengthening the data science community,DataLabScotland,https://pbs.twimg.com/profile_images/1143531028340006913/zB0ZwGCm_normal.png,circularImage,30,<p><l>Name: <a href=https://twitter.com/DataLabScotland>DataLabScotland</a><br> Account Description: An innovation centre focused on generating value from data by enabling collaborative innovation; delivering skills; and strengthening the data science community</p>,blue,1.0,DataLabScotland,
1356420260996521985,üë©üèª‚Äçüî¨ engineer with combo skin & uneven eyelids üáπüáº taiwanese |üìç mn | üôãüèª‚Äç‚ôÄÔ∏è she/her jchangvlogs@gmail.com,jenmakesup,https://pbs.twimg.com/profile_images/1356420418945617921/yOGcJESH_normal.jpg,circularImage,30,<p><l>Name: <a href=https://twitter.com/jenmakesup>jenmakesup</a><br> Account Description: üë©üèª‚Äçüî¨ engineer with combo skin & uneven eyelids üáπüáº taiwanese |üìç mn | üôãüèª‚Äç‚ôÄÔ∏è she/her jchangvlogs@gmail.com</p>,red,1.0,jenmakesup,
3068789388,"Pioneering the art of Taiwanese single malt since 2006. Aged in intense humidity and purified by the meltwaters of Snow Mountain in Yilan, Taiwan. #PureTaiwan",KavalanWhisky,https://pbs.twimg.com/profile_images/1352482520533618688/iXGKkve0_normal.jpg,circularImage,30,"<p><l>Name: <a href=https://twitter.com/KavalanWhisky>KavalanWhisky</a><br> Account Description: Pioneering the art of Taiwanese single malt since 2006. Aged in intense humidity and purified by the meltwaters of Snow Mountain in Yilan, Taiwan. #PureTaiwan</p>",red,1.0,KavalanWhisky,
64253234,"Trustee: @codethecity NXD: @democlub,  Director:@OdiAberdeen & @dataenabled #DataScience #Python #OpenData. Making good stuff happen with data and tech.",watty62,https://pbs.twimg.com/profile_images/1236600745299972096/YMyoFFkS_normal.jpg,circularImage,30,"<p><l>Name: <a href=https://twitter.com/watty62>watty62</a><br> Account Description: Trustee: @codethecity NXD: @democlub,  Director:@OdiAberdeen & @dataenabled #DataScience #Python #OpenData. Making good stuff happen with data and tech.</p>",blue,1.0,watty62,
16556796,Transylvanian #AIEthics aficionado üá∑üá¥ Orthodox ‚ò¶Ô∏è Bach loverüé∂ / @techUK @APPG_AI @UNICEF @WEF advisor / #ResponsibleAI PwC & director @AICOMMONS1 üöÄown views,maria_axente,https://pbs.twimg.com/profile_images/1390444529879326731/0btzRVMC_normal.jpg,circularImage,30,<p><l>Name: <a href=https://twitter.com/maria_axente>maria_axente</a><br> Account Description: Transylvanian #AIEthics aficionado üá∑üá¥ Orthodox ‚ò¶Ô∏è Bach loverüé∂ / @techUK @APPG_AI @UNICEF @WEF advisor / #ResponsibleAI PwC & director @AICOMMONS1 üöÄown views</p>,blue,1.0,maria_axente,
488168567,"Bloomberg TV Chief North Asia Correspondent. Have lived in the Asia-Pacific for 30 years (China, Hong Kong, Japan, Singapore, Taiwan, Thailand and Guam)",EngleTV,https://pbs.twimg.com/profile_images/1099690129558392838/SHw25D8i_normal.jpg,circularImage,30,"<p><l>Name: <a href=https://twitter.com/EngleTV>EngleTV</a><br> Account Description: Bloomberg TV Chief North Asia Correspondent. Have lived in the Asia-Pacific for 30 years (China, Hong Kong, Japan, Singapore, Taiwan, Thailand and Guam)</p>",red,1.0,EngleTV,
2711212681,#VC @stcpay_k @SparkLabsGlobal @ai_mediastalker @GenTwoAG @F10_accelerator | No.1 #Fintech Influencer @Refinitiv & @Onalytica | #AI @TEDx,SpirosMargaris,https://pbs.twimg.com/profile_images/1346443960986775553/TGeiH97s_normal.jpg,circularImage,30,<p><l>Name: <a href=https://twitter.com/SpirosMargaris>SpirosMargaris</a><br> Account Description: #VC @stcpay_k @SparkLabsGlobal @ai_mediastalker @GenTwoAG @F10_accelerator | No.1 #Fintech Influencer @Refinitiv & @Onalytica | #AI @TEDx</p>,blue,4.138718511467926,SpirosMargaris,
16887175,"The official Mirror Twitter account 
(Daily Mirror, Sunday Mirror & Mirror Online)
üóûÔ∏è - real news in real time
@MirrorBreaking_ for breaking news üö®",DailyMirror,https://pbs.twimg.com/profile_images/1326818397640855552/LHSjmMi6_normal.jpg,circularImage,30,"<p><l>Name: <a href=https://twitter.com/DailyMirror>DailyMirror</a><br> Account Description: The official Mirror Twitter account 
(Daily Mirror, Sunday Mirror & Mirror Online)
üóûÔ∏è - real news in real time
@MirrorBreaking_ for breaking news üö®</p>",blue,1.0,DailyMirror,
76347918,Cover tech in Asia for @NYTimes. I am so wise I had my mouth sewn shut. pmozur at https://t.co/zGJ4T9a0YP,paulmozur,https://pbs.twimg.com/profile_images/904697559867736064/_5-pnIEO_normal.jpg,circularImage,30,<p><l>Name: <a href=https://twitter.com/paulmozur>paulmozur</a><br> Account Description: Cover tech in Asia for @NYTimes. I am so wise I had my mouth sewn shut. pmozur at https://t.co/zGJ4T9a0YP</p>,red,1.0,paulmozur,0
1068292112,"Writer, speaker & thought leader on privacy, security & tech policy @BrookingsInst & @medialab. Former General Counsel & Acting Sec'y at US Commerce Department",cam_kerry,https://pbs.twimg.com/profile_images/426700714036191233/X46c0pd2_normal.jpeg,circularImage,30,"<p><l>Name: <a href=https://twitter.com/cam_kerry>cam_kerry</a><br> Account Description: Writer, speaker & thought leader on privacy, security & tech policy @BrookingsInst & @medialab. Former General Counsel & Acting Sec'y at US Commerce Department</p>",blue,1.0,cam_kerry,
25390350,"The Organisation for Economic Co-operation & Development promotes better #policies for #BetterLives around the world.
üëâ Follow @A_Gurria ‚úçÔ∏è DMs open",OECD,https://pbs.twimg.com/profile_images/1336674338880319493/S0UMmjq4_normal.jpg,circularImage,30,"<p><l>Name: <a href=https://twitter.com/OECD>OECD</a><br> Account Description: The Organisation for Economic Co-operation & Development promotes better #policies for #BetterLives around the world.
üëâ Follow @A_Gurria ‚úçÔ∏è DMs open</p>",blue,1.0,OECD,Aid Transparency
4338452835,"Entrepreneur, technologist, sustainability passionate | FRSA | Digital creator & B2B influencer | Author, researcher, speaker | CEO https://t.co/yDgAbAvQCA | IT @antgrasso_IT",antgrasso,https://pbs.twimg.com/profile_images/1121360169319981058/1W13Y7Vi_normal.png,circularImage,30,"<p><l>Name: <a href=https://twitter.com/antgrasso>antgrasso</a><br> Account Description: Entrepreneur, technologist, sustainability passionate | FRSA | Digital creator & B2B influencer | Author, researcher, speaker | CEO https://t.co/yDgAbAvQCA | IT @antgrasso_IT</p>",blue,5.121321319520167,antgrasso,
3697013177,"We are The Alan Turing Institute, the UK‚Äôs national institute for data science and artificial intelligence.",turinginst,https://pbs.twimg.com/profile_images/1278336633587355649/4DNRTJkL_normal.jpg,circularImage,30,"<p><l>Name: <a href=https://twitter.com/turinginst>turinginst</a><br> Account Description: We are The Alan Turing Institute, the UK‚Äôs national institute for data science and artificial intelligence.</p>",blue,1.0,turinginst,Data Ethics
22756947,"Sharing, retweeting and supporting UK #WomenInTech Founder @maggie__berry",womenintech,https://pbs.twimg.com/profile_images/1976342124/0d35cc83-e53a-4a8c-a165-c21e0761611e_normal.jpg,circularImage,30,"<p><l>Name: <a href=https://twitter.com/womenintech>womenintech</a><br> Account Description: Sharing, retweeting and supporting UK #WomenInTech Founder @maggie__berry</p>",blue,1.0,womenintech,
90435017,"Transforming science, technology and knowledge into innovation for economic growth, good governance and social well-being. RTs ‚â† endorsements.",OECDinnovation,https://pbs.twimg.com/profile_images/826078799817236484/nDe7OybX_normal.jpg,circularImage,30,"<p><l>Name: <a href=https://twitter.com/OECDinnovation>OECDinnovation</a><br> Account Description: Transforming science, technology and knowledge into innovation for economic growth, good governance and social well-being. RTs ‚â† endorsements.</p>",blue,1.0,OECDinnovation,Aid Transparency
19446296,"The official Twitter account for the University of Surrey ‚Äî our social media team is here for you weekdays, 9am-5pm.",UniOfSurrey,https://pbs.twimg.com/profile_images/903597682010320896/4MSO8y6Q_normal.jpg,circularImage,30,"<p><l>Name: <a href=https://twitter.com/UniOfSurrey>UniOfSurrey</a><br> Account Description: The official Twitter account for the University of Surrey ‚Äî our social media team is here for you weekdays, 9am-5pm.</p>",blue,1.0,UniOfSurrey,
720474368,"We're on a mission to empower every person and every organisation on the planet (and in the UK) to achieve more. 

Support: @MicrosoftHelps",MicrosoftUK,https://pbs.twimg.com/profile_images/1268227301768118273/c3sPOggo_normal.jpg,circularImage,30,"<p><l>Name: <a href=https://twitter.com/MicrosoftUK>MicrosoftUK</a><br> Account Description: We're on a mission to empower every person and every organisation on the planet (and in the UK) to achieve more. 

Support: @MicrosoftHelps</p>",blue,1.0,MicrosoftUK,
36024756,"UK AI Skills Champion. Passionate about Web Science, women in science and engineering, and shopping!",DameWendyDBE,https://pbs.twimg.com/profile_images/1278804160939352064/oG8Xl5rT_normal.jpg,circularImage,30,"<p><l>Name: <a href=https://twitter.com/DameWendyDBE>DameWendyDBE</a><br> Account Description: UK AI Skills Champion. Passionate about Web Science, women in science and engineering, and shopping!</p>",blue,1.0,DameWendyDBE,Environment
872675798,"Accelerating early adoption of advanced digital technology. Digital Catapult specialises in Future Networks, AI and Immersive. #AI #VR #AR #IoT #5G.",DigiCatapult,https://pbs.twimg.com/profile_images/1069639139870588928/t5bQVTyi_normal.jpg,circularImage,30,"<p><l>Name: <a href=https://twitter.com/DigiCatapult>DigiCatapult</a><br> Account Description: Accelerating early adoption of advanced digital technology. Digital Catapult specialises in Future Networks, AI and Immersive. #AI #VR #AR #IoT #5G.</p>",blue,1.0,DigiCatapult,
20646711,Building peace where it starts - in the minds of men & women.,UNESCO,https://pbs.twimg.com/profile_images/1193577087308828678/qyDyCXQP_normal.jpg,circularImage,30,<p><l>Name: <a href=https://twitter.com/UNESCO>UNESCO</a><br> Account Description: Building peace where it starts - in the minds of men & women.</p>,blue,1.0,UNESCO,Aid Transparency
20536157,#HeyGoogle,Google,https://pbs.twimg.com/profile_images/1343584679664873479/Xos3xQfk_normal.jpg,circularImage,30,<p><l>Name: <a href=https://twitter.com/Google>Google</a><br> Account Description: #HeyGoogle</p>,blue,1.0,Google,
611675687,Appier is a technology company which enables businesses with artificial intelligence to grow and succeed based on data-driven decisions.,GoAppier,https://pbs.twimg.com/profile_images/1110481259510161408/DFjegiTw_normal.png,circularImage,30,<p><l>Name: <a href=https://twitter.com/GoAppier>GoAppier</a><br> Account Description: Appier is a technology company which enables businesses with artificial intelligence to grow and succeed based on data-driven decisions.</p>,red,1.0,GoAppier,
555031989,Helping data driven companies generating value‚Ä¢Top10Influencer #AI #BigData #DataScience #IoT #MachineLearning #Analytics #Cloud #5G,Ronald_vanLoon,https://pbs.twimg.com/profile_images/1107936345769607169/sJKWJd7g_normal.png,circularImage,30,<p><l>Name: <a href=https://twitter.com/Ronald_vanLoon>Ronald_vanLoon</a><br> Account Description: Helping data driven companies generating value‚Ä¢Top10Influencer #AI #BigData #DataScience #IoT #MachineLearning #Analytics #Cloud #5G</p>,blue,3.4590204256748645,Ronald_vanLoon,
124176132,The Royal Statistical Society is a membership body promoting a world with data at the heart of understanding and decision making,RoyalStatSoc,https://pbs.twimg.com/profile_images/1063403685483560960/dVxGKnl8_normal.jpg,circularImage,30,<p><l>Name: <a href=https://twitter.com/RoyalStatSoc>RoyalStatSoc</a><br> Account Description: The Royal Statistical Society is a membership body promoting a world with data at the heart of understanding and decision making</p>,blue,1.0,RoyalStatSoc,
17899109,We are impatient optimists working to reduce inequity.,gatesfoundation,https://pbs.twimg.com/profile_images/1314597433146404866/O41YQ-Vv_normal.jpg,circularImage,30,<p><l>Name: <a href=https://twitter.com/gatesfoundation>gatesfoundation</a><br> Account Description: We are impatient optimists working to reduce inequity.</p>,blue,1.0,gatesfoundation,
507356334,President @techUK | Co-Chair of @IOCoding Board Member @Rightmove @CostainGroup & @FDMGroup | Mentor @Merryckmentor Advocate for #Diversity & #Inclusion,JdR_Tech,https://pbs.twimg.com/profile_images/839219295100026880/wcgrYinX_normal.jpg,circularImage,30,<p><l>Name: <a href=https://twitter.com/JdR_Tech>JdR_Tech</a><br> Account Description: President @techUK | Co-Chair of @IOCoding Board Member @Rightmove @CostainGroup & @FDMGroup | Mentor @Merryckmentor Advocate for #Diversity & #Inclusion</p>,blue,1.0,JdR_Tech,
7403862,Digital minister. #FastFairFun #TaiwanCanHelp. */*,audreyt,https://pbs.twimg.com/profile_images/1255143161153769472/omPzEibc_normal.jpg,circularImage,30,<p><l>Name: <a href=https://twitter.com/audreyt>audreyt</a><br> Account Description: Digital minister. #FastFairFun #TaiwanCanHelp. */*</p>,red,1.0,audreyt,0
848326169443188740,"Expat traveling mom blogger, Family travel influencer from Asia and US.  60+ countries under the belt #parenting #travelingmom #momblogger #parentingtips",FULLonbaby,https://pbs.twimg.com/profile_images/1015088145698840576/DSJw-9tL_normal.jpg,circularImage,30,"<p><l>Name: <a href=https://twitter.com/FULLonbaby>FULLonbaby</a><br> Account Description: Expat traveling mom blogger, Family travel influencer from Asia and US.  60+ countries under the belt #parenting #travelingmom #momblogger #parentingtips</p>",red,1.0,FULLonbaby,
846014785246367745,"Analyst, Tech Evangelist, #CyberSecurity, #DigitalTransformation, #IoT, #Fintech, #DataScience, #5G & #VR Influencer: @DZoneInc & @Onalytica. 100% Geek.",Fisher85M,https://pbs.twimg.com/profile_images/1020448812459061248/juZN4AhA_normal.jpg,circularImage,30,"<p><l>Name: <a href=https://twitter.com/Fisher85M>Fisher85M</a><br> Account Description: Analyst, Tech Evangelist, #CyberSecurity, #DigitalTransformation, #IoT, #Fintech, #DataScience, #5G & #VR Influencer: @DZoneInc & @Onalytica. 100% Geek.</p>",blue,8.114394348916733,Fisher85M,
1062812681730543617,"Social movement for next-generation political economies.

Official account of the RadicalxChange Foundation.",RadxChange,https://pbs.twimg.com/profile_images/1265681532049674245/eWv74ipj_normal.jpg,circularImage,30,"<p><l>Name: <a href=https://twitter.com/RadxChange>RadxChange</a><br> Account Description: Social movement for next-generation political economies.

Official account of the RadicalxChange Foundation.</p>",blue,1.0,RadxChange,
2242092991,UP enables large organisations to collaborate with startups to create effective innovation and value together.,UP_Ventures,https://pbs.twimg.com/profile_images/1327993976255881219/8Os7Bh5U_normal.jpg,circularImage,30,<p><l>Name: <a href=https://twitter.com/UP_Ventures>UP_Ventures</a><br> Account Description: UP enables large organisations to collaborate with startups to create effective innovation and value together.</p>,blue,1.0,UP_Ventures,
1544084768,communication science and journalism ¬¶ Assistant Professor @ÂúãÁ´ãËá∫ÁÅ£Â§ßÂ≠∏ National Taiwan University ¬¶ regularly cooperating with @foegUZH,OuzhouAdi,https://pbs.twimg.com/profile_images/1350701105416527874/ShoOZmIJ_normal.jpg,circularImage,30,<p><l>Name: <a href=https://twitter.com/OuzhouAdi>OuzhouAdi</a><br> Account Description: communication science and journalism ¬¶ Assistant Professor @ÂúãÁ´ãËá∫ÁÅ£Â§ßÂ≠∏ National Taiwan University ¬¶ regularly cooperating with @foegUZH</p>,red,1.0,OuzhouAdi,0
839338759330152453,#DigitalTransformation obsessed #CXO and #GrowthHacker. Find me at the intersection of #Tech and #Humanity. #AI #Blockchain #Marketing #CX #IoT #CyberSecurity,YuHelenYu,https://pbs.twimg.com/profile_images/1026973081036890120/wO26wZKN_normal.jpg,circularImage,30,<p><l>Name: <a href=https://twitter.com/YuHelenYu>YuHelenYu</a><br> Account Description: #DigitalTransformation obsessed #CXO and #GrowthHacker. Find me at the intersection of #Tech and #Humanity. #AI #Blockchain #Marketing #CX #IoT #CyberSecurity</p>,blue,33.62438608066431,YuHelenYu,
21997214,"Think tank+consultancy for the #charity sector‚Äîhelping charities & funders achieve the greatest #impact through practical advice, analysis & innovative thinking",NPCthinks,https://pbs.twimg.com/profile_images/1043096703396708353/yMfEnMfE_normal.jpg,circularImage,30,"<p><l>Name: <a href=https://twitter.com/NPCthinks>NPCthinks</a><br> Account Description: Think tank+consultancy for the #charity sector‚Äîhelping charities & funders achieve the greatest #impact through practical advice, analysis & innovative thinking</p>",blue,1.0,NPCthinks,
1685497208,BCS Policy is helping to inform debate and provide answers to the big technology topics of today.,BCS_Policy,https://pbs.twimg.com/profile_images/984377965957074945/dmGd3jbw_normal.jpg,circularImage,30,<p><l>Name: <a href=https://twitter.com/BCS_Policy>BCS_Policy</a><br> Account Description: BCS Policy is helping to inform debate and provide answers to the big technology topics of today.</p>,blue,1.0,BCS_Policy,
3251759104,Collaborating with gov‚Äôts & orgs to open up #data & respond effectively to policy challenges. We üíô  #datarights in #anticorruption #payequity #climateaction.,opendatacharter,https://pbs.twimg.com/profile_images/1253825908374482946/IAt9qVja_normal.jpg,circularImage,30,<p><l>Name: <a href=https://twitter.com/opendatacharter>opendatacharter</a><br> Account Description: Collaborating with gov‚Äôts & orgs to open up #data & respond effectively to policy challenges. We üíô  #datarights in #anticorruption #payequity #climateaction.</p>,blue,1.0,opendatacharter,Aid Transparency
2869663966,"Nonprofit producing Global #Diversity #Inclusion programs/ecosystem empowering women & underrepresented in STEAM. Virtual Summits 6/10-11, 8/20, 10/26-29, 2021",wonderwomentech,https://pbs.twimg.com/profile_images/1064765062382968832/esedQIcY_normal.jpg,circularImage,30,"<p><l>Name: <a href=https://twitter.com/wonderwomentech>wonderwomentech</a><br> Account Description: Nonprofit producing Global #Diversity #Inclusion programs/ecosystem empowering women & underrepresented in STEAM. Virtual Summits 6/10-11, 8/20, 10/26-29, 2021</p>",blue,1.0,wonderwomentech,
1168968080690749441,Member of Parliament for Richmond (Yorks). Chancellor of the Exchequer.,RishiSunak,https://pbs.twimg.com/profile_images/1372190965599985664/PQ3J2v6Y_normal.jpg,circularImage,30,<p><l>Name: <a href=https://twitter.com/RishiSunak>RishiSunak</a><br> Account Description: Member of Parliament for Richmond (Yorks). Chancellor of the Exchequer.</p>,blue,1.0,RishiSunak,
455851774,"Environmentally focused co-founder of @YourDsposal. Lover of tech, puppy broody & enthusiastic has-been adventurer with #DetourToMooseJaw, He/Him",Eldo36,https://pbs.twimg.com/profile_images/1349719195001495558/PDXOlrNB_normal.jpg,circularImage,30,"<p><l>Name: <a href=https://twitter.com/Eldo36>Eldo36</a><br> Account Description: Environmentally focused co-founder of @YourDsposal. Lover of tech, puppy broody & enthusiastic has-been adventurer with #DetourToMooseJaw, He/Him</p>",blue,1.0,Eldo36,
16319797,"The world is our lab. üåçüî¨ This account is managed by Chelsea Dubner, and follows the IBM Social Computing Guidelines.",IBMResearch,https://pbs.twimg.com/profile_images/1267876036621955072/5JYa7TlJ_normal.png,circularImage,30,"<p><l>Name: <a href=https://twitter.com/IBMResearch>IBMResearch</a><br> Account Description: The world is our lab. üåçüî¨ This account is managed by Chelsea Dubner, and follows the IBM Social Computing Guidelines.</p>",blue,1.0,IBMResearch,
74286565,We're on a mission to empower every person and every organization on the planet to achieve more. Support: @MicrosoftHelps,Microsoft,https://pbs.twimg.com/profile_images/1381589380112916487/iiri9xKk_normal.jpg,circularImage,30,<p><l>Name: <a href=https://twitter.com/Microsoft>Microsoft</a><br> Account Description: We're on a mission to empower every person and every organization on the planet to achieve more. Support: @MicrosoftHelps</p>,blue,1.0,Microsoft,
1337150378,Ask not why nobody is doing it. You are nobody. Become a nobody: https://t.co/m9u2HlRwSE #opendata #taiwan #opengovernment This account operated by g0v jothon & g0v intl.,g0vtw,https://pbs.twimg.com/profile_images/378800000836587630/0829b1c8c6b7fabe04b6edd838cfc895_normal.png,circularImage,30,<p><l>Name: <a href=https://twitter.com/g0vtw>g0vtw</a><br> Account Description: Ask not why nobody is doing it. You are nobody. Become a nobody: https://t.co/m9u2HlRwSE #opendata #taiwan #opengovernment This account operated by g0v jothon & g0v intl.</p>,red,1.0,g0vtw,0
2214285223,CEO https://t.co/LdO5Lla1ci; Professor #DataScience @UNIGEnews; PhD #Statistics @EPFL; CStat @RoyalStatSoc PStat @AmstatNews CSci @Sci_Prof; #ML #AI #BigData #IoT #AoT üá®üá≠,DiegoKuonen,https://pbs.twimg.com/profile_images/930789725488771072/WWY_DWXo_normal.jpg,circularImage,30,<p><l>Name: <a href=https://twitter.com/DiegoKuonen>DiegoKuonen</a><br> Account Description: CEO https://t.co/LdO5Lla1ci; Professor #DataScience @UNIGEnews; PhD #Statistics @EPFL; CStat @RoyalStatSoc PStat @AmstatNews CSci @Sci_Prof; #ML #AI #BigData #IoT #AoT üá®üá≠</p>,blue,1.0,DiegoKuonen,
16343974,"Think ahead with the latest news, comment, analysis and video. Subscribe here: https://t.co/5w4N0n9PeZ",Telegraph,https://pbs.twimg.com/profile_images/943090005723041792/2cjxINlJ_normal.jpg,circularImage,30,"<p><l>Name: <a href=https://twitter.com/Telegraph>Telegraph</a><br> Account Description: Think ahead with the latest news, comment, analysis and video. Subscribe here: https://t.co/5w4N0n9PeZ</p>",blue,1.0,Telegraph,
1326967123,"British Pol-Sci writer. Tweets: Taiwan/AP, UK/EU, Palestine/MENA, nations/nationalisms, pol-economy, IR, environment, ideology, elections. Opinions my own etc",BanGaoRen,https://pbs.twimg.com/profile_images/1121620052569018369/NQxnc2Fk_normal.png,circularImage,30,"<p><l>Name: <a href=https://twitter.com/BanGaoRen>BanGaoRen</a><br> Account Description: British Pol-Sci writer. Tweets: Taiwan/AP, UK/EU, Palestine/MENA, nations/nationalisms, pol-economy, IR, environment, ideology, elections. Opinions my own etc</p>",red,1.0,BanGaoRen,
2312673986,Dealer in truths as I see them | Agency Co-founder & Content Lead @IGNITE_taiwan | SMM (x3 brands) | @OneMinuteBriefs winner (x4) | Inquiries: jason@ignitegm.es,content_grinder,https://pbs.twimg.com/profile_images/1344212339302703106/BOhSvVbb_normal.jpg,circularImage,30,<p><l>Name: <a href=https://twitter.com/content_grinder>content_grinder</a><br> Account Description: Dealer in truths as I see them | Agency Co-founder & Content Lead @IGNITE_taiwan | SMM (x3 brands) | @OneMinuteBriefs winner (x4) | Inquiries: jason@ignitegm.es</p>,red,1.0,content_grinder,
790320422235566080,Solving the world's biggest problems through REPRESENTATION which increases INNOVATION & greater outcomes for TRANSFORMATION.,UKBlackTech,https://pbs.twimg.com/profile_images/790800765120081920/ukJkasBF_normal.jpg,circularImage,30,<p><l>Name: <a href=https://twitter.com/UKBlackTech>UKBlackTech</a><br> Account Description: Solving the world's biggest problems through REPRESENTATION which increases INNOVATION & greater outcomes for TRANSFORMATION.</p>,blue,1.0,UKBlackTech,
14199378,We're not a museum. We're 19 of them! (Plus a zoo & 9 research centers.)   Follow #19SuffrageStories: https://t.co/PTWO9lpp2c | Legal: https://t.co/dJOZaQ7IFu,smithsonian,https://pbs.twimg.com/profile_images/1045378177395306497/E9klgQmL_normal.jpg,circularImage,30,<p><l>Name: <a href=https://twitter.com/smithsonian>smithsonian</a><br> Account Description: We're not a museum. We're 19 of them! (Plus a zoo & 9 research centers.)   Follow #19SuffrageStories: https://t.co/PTWO9lpp2c | Legal: https://t.co/dJOZaQ7IFu</p>,blue,1.0,smithsonian,
938851,The Institution of Engineering and Technology (IET) is a diverse home for engineering and technology across the world.,TheIET,https://pbs.twimg.com/profile_images/1225032330441625600/3v77-OK7_normal.jpg,circularImage,30,<p><l>Name: <a href=https://twitter.com/TheIET>TheIET</a><br> Account Description: The Institution of Engineering and Technology (IET) is a diverse home for engineering and technology across the world.</p>,blue,1.0,TheIET,
5120691,The international organization for public private cooperation. #wef21,wef,https://pbs.twimg.com/profile_images/565498192171507712/r2Hb2gvX_normal.png,circularImage,30,<p><l>Name: <a href=https://twitter.com/wef>wef</a><br> Account Description: The international organization for public private cooperation. #wef21</p>,blue,1.0,wef,
875122621,"Product Manager #DigitalBanking, @ti8m_ag | #FinTech #WealthTech #WealthManagement #OpenBanking #OpenFinance #Ecosystems | @FintechRockers | @Phonak Ambassador",UrsBolt,https://pbs.twimg.com/profile_images/1329089882006847490/nohpt4Z9_normal.jpg,circularImage,30,"<p><l>Name: <a href=https://twitter.com/UrsBolt>UrsBolt</a><br> Account Description: Product Manager #DigitalBanking, @ti8m_ag | #FinTech #WealthTech #WealthManagement #OpenBanking #OpenFinance #Ecosystems | @FintechRockers | @Phonak Ambassador</p>",blue,8.667030413162175,UrsBolt,
1014861853338398720,"One of the world‚Äôs largest providers of financial markets data and infrastructure, serving 40k+ firms in ~190 countries. Now an @LSEGplc business. #LSEG",Refinitiv,https://pbs.twimg.com/profile_images/1277992444840144897/SaVU8jD7_normal.jpg,circularImage,30,"<p><l>Name: <a href=https://twitter.com/Refinitiv>Refinitiv</a><br> Account Description: One of the world‚Äôs largest providers of financial markets data and infrastructure, serving 40k+ firms in ~190 countries. Now an @LSEGplc business. #LSEG</p>",blue,1.0,Refinitiv,
4334071758,"‚ÄúSometimes We Win, Sometimes We Learn‚Äù üìà
https://t.co/lTbtVxPxPd
Professional Troublemaker | Amateur Solver
#ENFJ with a strong mind and a fragile heart üíï",ijasonwu,https://pbs.twimg.com/profile_images/839906362473627649/SZLPvNd6_normal.jpg,circularImage,30,"<p><l>Name: <a href=https://twitter.com/ijasonwu>ijasonwu</a><br> Account Description: ‚ÄúSometimes We Win, Sometimes We Learn‚Äù üìà
https://t.co/lTbtVxPxPd
Professional Troublemaker | Amateur Solver
#ENFJ with a strong mind and a fragile heart üíï</p>",red,1.0,ijasonwu,0
3007462724,I'm Kuma,kumaOhsiung,https://pbs.twimg.com/profile_images/1124664392354680832/eAtsD1Zz_normal.jpg,circularImage,30,<p><l>Name: <a href=https://twitter.com/kumaOhsiung>kumaOhsiung</a><br> Account Description: I'm Kuma</p>,red,1.0,kumaOhsiung,
45891623,"New book, Algorithms of Oppression https://t.co/vjaghee4sr also avail on Audible & Kindle. Researcher, professor, expert on racism, sexism, & tech.",safiyanoble,https://pbs.twimg.com/profile_images/1139938575401672705/FWYb2BIq_normal.jpg,circularImage,30,"<p><l>Name: <a href=https://twitter.com/safiyanoble>safiyanoble</a><br> Account Description: New book, Algorithms of Oppression https://t.co/vjaghee4sr also avail on Audible & Kindle. Researcher, professor, expert on racism, sexism, & tech.</p>",blue,1.0,safiyanoble,
157981564,News and information from the European Commission. Social media and data protection policy: https://t.co/3fIsD1hPfD,EU_Commission,https://pbs.twimg.com/profile_images/1229813717493260288/KdUypM6u_normal.jpg,circularImage,30,<p><l>Name: <a href=https://twitter.com/EU_Commission>EU_Commission</a><br> Account Description: News and information from the European Commission. Social media and data protection policy: https://t.co/3fIsD1hPfD</p>,blue,1.0,EU_Commission,
191781601,All the latest news from Barclays. For customer enquiries please message @BarclaysUKHelp. Our T&Cs can be found here: https://t.co/Wj8yxJwJW1,Barclays,https://pbs.twimg.com/profile_images/1278028973738426373/JXFFSeUC_normal.png,circularImage,30,<p><l>Name: <a href=https://twitter.com/Barclays>Barclays</a><br> Account Description: All the latest news from Barclays. For customer enquiries please message @BarclaysUKHelp. Our T&Cs can be found here: https://t.co/Wj8yxJwJW1</p>,blue,1.0,Barclays,
42805074,Author of Taiwan's China Dilemma. Teaches at UVA and CUHK. #TaiwansChinaDilemma,syaru,https://pbs.twimg.com/profile_images/378800000510491769/03a6ae8bd5382eab4ec30c6302e4892d_normal.jpeg,circularImage,30,<p><l>Name: <a href=https://twitter.com/syaru>syaru</a><br> Account Description: Author of Taiwan's China Dilemma. Teaches at UVA and CUHK. #TaiwansChinaDilemma</p>,red,1.0,syaru,
8099262,Talk to the team and see the latest news from the UK's leading IT publication at https://t.co/rEfRkBaAIe,ComputerWeekly,https://pbs.twimg.com/profile_images/1281219842939465732/ZIbdbtD4_normal.png,circularImage,30,<p><l>Name: <a href=https://twitter.com/ComputerWeekly>ComputerWeekly</a><br> Account Description: Talk to the team and see the latest news from the UK's leading IT publication at https://t.co/rEfRkBaAIe</p>,blue,1.0,ComputerWeekly,
17760882,A UX Designer and Techie at heart. Believer in stoicism and kaizen. Founder & CEO @CyberDuck_UK Noa Judith and Lily Ray are my babies. Political views my own.,danny_bluestone,https://pbs.twimg.com/profile_images/1320825278642401280/8RXfd7Kg_normal.jpg,circularImage,30,<p><l>Name: <a href=https://twitter.com/danny_bluestone>danny_bluestone</a><br> Account Description: A UX Designer and Techie at heart. Believer in stoicism and kaizen. Founder & CEO @CyberDuck_UK Noa Judith and Lily Ray are my babies. Political views my own.</p>,blue,1.0,danny_bluestone,
22363802,"The future as it happens.

Subscribe today: https://t.co/pW1mRp2NnU",WiredUK,https://pbs.twimg.com/profile_images/696669820633350144/Y_7KHzrN_normal.jpg,circularImage,30,"<p><l>Name: <a href=https://twitter.com/WiredUK>WiredUK</a><br> Account Description: The future as it happens.

Subscribe today: https://t.co/pW1mRp2NnU</p>",blue,1.0,WiredUK,
15425377,Live updates from the people that build the world's best planes and pioneer the future of aerospace. #WeMakeItFly ‚úàÔ∏è,Airbus,https://pbs.twimg.com/profile_images/1234415942291148800/S2-MoPGB_normal.jpg,circularImage,30,<p><l>Name: <a href=https://twitter.com/Airbus>Airbus</a><br> Account Description: Live updates from the people that build the world's best planes and pioneer the future of aerospace. #WeMakeItFly ‚úàÔ∏è</p>,blue,1.0,Airbus,
14978616,"Tech Columnist: Bloomberg Opinion. I write what I think. Sometimes I think. Ironman #NoMeatAthlete. Pilot, Student, ‰∏≠Êñá, Java, C. Represent myself, not BBG",tculpan,https://pbs.twimg.com/profile_images/497556132395638785/MBFB0iEx_normal.jpeg,circularImage,30,"<p><l>Name: <a href=https://twitter.com/tculpan>tculpan</a><br> Account Description: Tech Columnist: Bloomberg Opinion. I write what I think. Sometimes I think. Ironman #NoMeatAthlete. Pilot, Student, ‰∏≠Êñá, Java, C. Represent myself, not BBG</p>",red,1.0,tculpan,0
10228272,Like and subscribe.,YouTube,https://pbs.twimg.com/profile_images/1308106203860529152/yOwTDF9G_normal.jpg,circularImage,30,<p><l>Name: <a href=https://twitter.com/YouTube>YouTube</a><br> Account Description: Like and subscribe.</p>,blue,1.0,YouTube,
1234562569203044352,Empowering business leaders with truth and certainty from their data.,TrueCue1,https://pbs.twimg.com/profile_images/1237008925003780098/3ZxXHlv0_normal.jpg,circularImage,30,<p><l>Name: <a href=https://twitter.com/TrueCue1>TrueCue1</a><br> Account Description: Empowering business leaders with truth and certainty from their data.</p>,blue,1.0,TrueCue1,
612473,"News, features and analysis. For world news, follow @BBCWorld. Breaking news, follow @BBCBreaking. Latest sport news @BBCSport. Our Instagram: BBCNews",BBCNews,https://pbs.twimg.com/profile_images/1150718511129477120/2N_GW7HR_normal.png,circularImage,30,"<p><l>Name: <a href=https://twitter.com/BBCNews>BBCNews</a><br> Account Description: News, features and analysis. For world news, follow @BBCWorld. Breaking news, follow @BBCBreaking. Latest sport news @BBCSport. Our Instagram: BBCNews</p>",blue,1.0,BBCNews,
11333892,"art. tech. data. 
invisible caper
quiddity seeker
co-founder @fine_acts
champion for data & art @odihq
she/her/hers

Infrequent news: https://t.co/CJ9ADsDD7j",joz_freeman,https://pbs.twimg.com/profile_images/463812878827405315/PCHUhbvo_normal.jpeg,circularImage,30,"<p><l>Name: <a href=https://twitter.com/joz_freeman>joz_freeman</a><br> Account Description: art. tech. data. 
invisible caper
quiddity seeker
co-founder @fine_acts
champion for data & art @odihq
she/her/hers

Infrequent news: https://t.co/CJ9ADsDD7j</p>",blue,1.0,joz_freeman,
4487760737,We are a movement of scientists and activists. Data as protest. Data as accountability. Data as collective action.,Data4BlackLives,https://pbs.twimg.com/profile_images/1233166392586752000/iemhzJh-_normal.jpg,circularImage,30,<p><l>Name: <a href=https://twitter.com/Data4BlackLives>Data4BlackLives</a><br> Account Description: We are a movement of scientists and activists. Data as protest. Data as accountability. Data as collective action.</p>,blue,1.0,Data4BlackLives,
2162697578,"Who's Who in #CyberSecurity 2020. #vCiso #DataProtection, #GDPR,In Minimum Time! #startups‚ö°Join 20,232 others  GDPRLinkedinGroup https://t.co/lBR22x7XGh‚Ä¶‚Ä¶‚è¨",1DavidClarke,https://pbs.twimg.com/profile_images/1271909293181349889/kR9lq8Rh_normal.jpg,circularImage,30,"<p><l>Name: <a href=https://twitter.com/1DavidClarke>1DavidClarke</a><br> Account Description: Who's Who in #CyberSecurity 2020. #vCiso #DataProtection, #GDPR,In Minimum Time! #startups‚ö°Join 20,232 others  GDPRLinkedinGroup https://t.co/lBR22x7XGh‚Ä¶‚Ä¶‚è¨</p>",blue,1.0,1DavidClarke,
322601789,"Sharing highlights of life at UCL (University College London), London‚Äôs leading multidisciplinary university. Follow @uclnews for news, @uclevents for events.",ucl,https://pbs.twimg.com/profile_images/1318547560248823810/G_3bH6w1_normal.jpg,circularImage,30,"<p><l>Name: <a href=https://twitter.com/ucl>ucl</a><br> Account Description: Sharing highlights of life at UCL (University College London), London‚Äôs leading multidisciplinary university. Follow @uclnews for news, @uclevents for events.</p>",blue,1.0,ucl,
240615214,"NED, Former CEO Innovate Finance, Tweeting on fintech, innovation, capital markets, diversity & politics.",ccrosswell,https://pbs.twimg.com/profile_images/1141116567167688704/M-FEp3IQ_normal.jpg,circularImage,30,"<p><l>Name: <a href=https://twitter.com/ccrosswell>ccrosswell</a><br> Account Description: NED, Former CEO Innovate Finance, Tweeting on fintech, innovation, capital markets, diversity & politics.</p>",blue,1.0,ccrosswell,
2975134426,#Innovation #CyberSecurity #Privacy #Technology in Finance | Real world no-hype perspective | Slayer of fake news in #Fintech and beyond,sbmeunier,https://pbs.twimg.com/profile_images/820762776800989184/NkAkW2dZ_normal.jpg,circularImage,30,<p><l>Name: <a href=https://twitter.com/sbmeunier>sbmeunier</a><br> Account Description: #Innovation #CyberSecurity #Privacy #Technology in Finance | Real world no-hype perspective | Slayer of fake news in #Fintech and beyond</p>,blue,2.4055379448429988,sbmeunier,
3131243261,Innovating #tech #education #business CEO CTO Advisor Prof #AI #Cloud #IoT #5G #TechForGood #FinTech #SDGs #STEM #education #CX #Sustainability,sallyeaves,https://pbs.twimg.com/profile_images/1121083861520326656/X6NEB7hZ_normal.jpg,circularImage,30,<p><l>Name: <a href=https://twitter.com/sallyeaves>sallyeaves</a><br> Account Description: Innovating #tech #education #business CEO CTO Advisor Prof #AI #Cloud #IoT #5G #TechForGood #FinTech #SDGs #STEM #education #CX #Sustainability</p>,blue,10.587275833803902,sallyeaves,
18938646,"As the UK's central bank we work to ensure low inflation, trust in banknotes and a stable financial system. Follow our @BoE_PressOffice and @boemuseum accounts",bankofengland,https://pbs.twimg.com/profile_images/1148600581407301632/bCM-3Fin_normal.png,circularImage,30,"<p><l>Name: <a href=https://twitter.com/bankofengland>bankofengland</a><br> Account Description: As the UK's central bank we work to ensure low inflation, trust in banknotes and a stable financial system. Follow our @BoE_PressOffice and @boemuseum accounts</p>",blue,1.0,bankofengland,
69009086,"We are the RSA. The royal society for arts, manufactures and commerce. We unite people and ideas to resolve the challenges of our time.",theRSAorg,https://pbs.twimg.com/profile_images/1303734608564023296/bjtiOoiC_normal.png,circularImage,30,"<p><l>Name: <a href=https://twitter.com/theRSAorg>theRSAorg</a><br> Account Description: We are the RSA. The royal society for arts, manufactures and commerce. We unite people and ideas to resolve the challenges of our time.</p>",blue,1.0,theRSAorg,
1060577549384851457,"Advising the UK Government on the ethical challenges & opportunities of AI & data-driven technology 

Read our blog here: https://t.co/jZ5U9TZQS5",CDEIUK,https://pbs.twimg.com/profile_images/1277890570262888448/RZTMxU4u_normal.jpg,circularImage,30,"<p><l>Name: <a href=https://twitter.com/CDEIUK>CDEIUK</a><br> Account Description: Advising the UK Government on the ethical challenges & opportunities of AI & data-driven technology 

Read our blog here: https://t.co/jZ5U9TZQS5</p>",blue,1.0,CDEIUK,Data Ethics
14562685,@ConstellationR #CEO @DisrupTVShow BestSelling #Author @HarvardBiz @hcleadership Keynoter #Futurist Provocateur #EDM #DJ #Foodie #SVLife #TaiwaneseAmüáπüáºüá∫üá∏,rwang0,https://pbs.twimg.com/profile_images/1046576251949862912/axeUR8EK_normal.jpg,circularImage,30,<p><l>Name: <a href=https://twitter.com/rwang0>rwang0</a><br> Account Description: @ConstellationR #CEO @DisrupTVShow BestSelling #Author @HarvardBiz @hcleadership Keynoter #Futurist Provocateur #EDM #DJ #Foodie #SVLife #TaiwaneseAmüáπüáºüá∫üá∏</p>,red,1.0,rwang0,0
3413228991,Nerdisms | Marketing Strategist | nanotech | Bitcoin Enthusiast | MySpace Influencer | ARGs | qqqw88ttgnxjrx70tz7zqtrx44edzsdc4c2jpzvdyl | just keep swimming,NanoBitcoin,https://pbs.twimg.com/profile_images/1348016031504150528/MD3dUBBJ_normal.jpg,circularImage,30,<p><l>Name: <a href=https://twitter.com/NanoBitcoin>NanoBitcoin</a><br> Account Description: Nerdisms | Marketing Strategist | nanotech | Bitcoin Enthusiast | MySpace Influencer | ARGs | qqqw88ttgnxjrx70tz7zqtrx44edzsdc4c2jpzvdyl | just keep swimming</p>,blue,1.0,NanoBitcoin,
1065430280557670400,The Taiwan-Asia Exchange Foundation (TAEF) is a policy think tank that focuses on cooperation and exchange on Southeast Asian and South Asian affairs.,taef_tw,https://pbs.twimg.com/profile_images/1065433268349071360/vBhKhG4Z_normal.jpg,circularImage,30,<p><l>Name: <a href=https://twitter.com/taef_tw>taef_tw</a><br> Account Description: The Taiwan-Asia Exchange Foundation (TAEF) is a policy think tank that focuses on cooperation and exchange on Southeast Asian and South Asian affairs.</p>,red,1.0,taef_tw,0
21208792,Tech trade association championing tech's role in preparing and empowering the UK for what comes next and working to deliver a better future for all.,techUK,https://pbs.twimg.com/profile_images/1331626554120687617/IlYaiokI_normal.png,circularImage,30,<p><l>Name: <a href=https://twitter.com/techUK>techUK</a><br> Account Description: Tech trade association championing tech's role in preparing and empowering the UK for what comes next and working to deliver a better future for all.</p>,blue,1.0,techUK,
3105807222,JayLee is a specialized watercolor artist. Here is my youtube channel about watercolor painting. https://t.co/qQIMp6t87c,JayArtPainting,https://pbs.twimg.com/profile_images/948061471803457536/Zyyf3BTS_normal.jpg,circularImage,30,<p><l>Name: <a href=https://twitter.com/JayArtPainting>JayArtPainting</a><br> Account Description: JayLee is a specialized watercolor artist. Here is my youtube channel about watercolor painting. https://t.co/qQIMp6t87c</p>,red,1.0,JayArtPainting,
1091325763943612416,"Leading the digital transformation of health and care. 
We are open source - https://t.co/phoWnSF0ZE
For COVID-19 app - contact @NHSCOVID19app or https://t.co/uNwMKcfVka",NHSX,https://pbs.twimg.com/profile_images/1173940910738067456/wcCOLzfc_normal.jpg,circularImage,30,"<p><l>Name: <a href=https://twitter.com/NHSX>NHSX</a><br> Account Description: Leading the digital transformation of health and care. 
We are open source - https://t.co/phoWnSF0ZE
For COVID-19 app - contact @NHSCOVID19app or https://t.co/uNwMKcfVka</p>",blue,1.0,NHSX,Data Ethics
